source1_entity_id	candidate_entity_id	target_source	label	name_exact_latin	name_exact_core	name_ratio	name_token_sort_ratio	name_token_set_ratio	name_partial_ratio	name_wratio_latin	name_jaro_winkler	name_levenshtein_sim	name_unicode_ratio	name_skeleton_ratio	name_skeleton_token_set	name_nospace_ratio	name_nospace_partial	name_alias_best_ratio	name_token_jaccard	name_token_containment	name_idf_jaccard	name_soft_idf_min	name_soft_idf_max	name_unmatched_max_idf	name_shared_max_idf	name_first_token_equal	name_last_token_equal	name_prefix3_equal	name_acronym_match	name_len_a	name_len_b	name_ntok_a	name_ntok_b	name_len_ratio	name_legal_conflict	name_legal_both_present	name_non_latin_a	name_non_latin_b	name_script_mismatch	addr_missing_a	addr_missing_b	addr_any_missing	addr_ratio	addr_token_sort_ratio	addr_token_set_ratio	addr_partial_ratio	addr_skeleton_token_set	addr_token_jaccard	addr_token_containment	addr_alpha_containment	addr_idf_jaccard	addr_soft_idf_min	addr_soft_idf_max	addr_unmatched_max_idf	addr_ntok_a	addr_ntok_b	addr_num_count_a	addr_num_count_b	addr_num_jaccard	addr_num_shared	addr_num_any_shared	addr_num_suffix_match	addr_num_conflict	addr_longest_num_equal	combo_min	combo_max	combo_product	combo_mean	combo_name_high_addr_low	combo_addr_high_name_low	same_country	target_is_s3	retr_min_rank	retr_n_routes	retr_max_score	retr_score_gap	ctx_n_candidates	ctx_n_candidates_source	ctx_name_rank	ctx_name_gap	ctx_addr_rank	ctx_addr_gap	ctx_combo_rank	ctx_combo_gap	ctx_rev_n_s1	ctx_rev_combo_rank	ctx_rev_combo_gap	ctx_combo_second_gap
S1-829150577	S2-4473083	S2	1	0	1	1.0	1.0	1.0	1.0	0.96	1.0	0.9230769	0.96	1.0	1.0	1.0	1.0	1.0	1.0	1.0	1.0	1.0	1.0	0.0	7.2987456	1	1	1	1	25	25	3	3	1.0	0	0	0	0	0	0	0	0	0.75471693	0.98113203	0.98113203	0.8333334	1.0	0.6666667	0.8	0.75	0.5288495	0.96575165	0.9723354	0.0	5	5	1	1	1.0	1	1	0	0	1	0.98113203	1.0	0.98113203	0.990566	0	0	1	0	4	1	19.061172	9.636385	50	25	1	0.0	2	0.01886797	1	0.0	1	1	0.0	0.0
S1-773094917	S2-220219977	S2	1	0	0	0.5263158	0.42105263	0.42105263	0.6153846	0.6363636	0.54444444	0.3846154	0.36363637	0.57142854	0.71428573	0.58823526	0.6666666	0.42105263	0.0	0.0	0.0	0.44907656	0.6995537	6.437	0.0	0	0	0	0	10	9	2	2	0.9	0	0	0	0	0	0	0	0	0.84782606	0.84782606	1.0	0.72727275	1.0	0.7777778	1.0	1.0	0.7688194	0.8846718	1.0	4.595738	9	7	2	1	0.5	1	1	0	0	0	0.57142854	1.0	0.57142854	0.78571427	0	0	1	0	3	1	16.0093	0.0	50	25	8	0.42857146	1	0.0	5	0.21428573	1	1	0.0	-0.21428573
S1-192660020	S3-811757917	S3	1	0	1	1.0	1.0	1.0	1.0	0.95	1.0	0.8888889	0.9411765	1.0	1.0	1.0	1.0	1.0	1.0	1.0	1.0	1.0	1.0	0.0	9.832034	1	1	1	1	24	24	3	3	1.0	0	0	0	0	0	0	0	0	0.62650603	0.6024096	0.75	0.6557377	0.7906977	0.4	0.6666667	0.6	0.341877	0.4953357	0.5576477	13.232384	6	8	1	3	0.33333334	1	1	0	0	0	0.75	1.0	0.75	0.875	0	0	1	1	1	1	26.790773	0.0	50	25	1	0.0	4	0.22142863	3	0.05189073	2	1	0.0	-0.05189073
S1-77225402	S2-627632122	S2	1	0	0	0.7058823	0.7058823	0.7058823	0.9230769	0.7058823	0.86333334	0.5	0.7058823	0.6	0.6	0.8	1.0	0.7058824	0.0	0.0	0.0	0.0	0.0	15.230479	0.0	0	0	1	0	7	10	2	2	0.7	0	0	0	0	0	0	0	0	1.0	1.0	1.0	1.0	1.0	1.0	1.0	1.0	1.0	1.0	1.0	0.0	5	5	2	2	1.0	2	1	0	0	1	0.7058824	1.0	0.7058824	0.85294116	0	0	1	0	8	1	12.124264	0.0	50	25	5	0.29411763	1	0.0	4	0.14705884	1	1	0.0	-0.14705884
S1-265119438	S3-568222474	S3	1	0	0	0.3333333	0.16666666	0.16666666	0.6666666	0.4	0.53333336	0.07692308	0.07142857	0.5	0.25	0.36363637	0.6666666	0.16666667	0.0	0.0	0.0	0.0	0.0	10.393702	0.0	0	0	0	1	10	2	2	1	0.2	0	0	0	0	0	0	0	0	1.0	1.0	1.0	1.0	1.0	1.0	1.0	1.0	1.0	1.0	1.0	0.0	17	17	1	1	1.0	1	1	0	0	1	0.5	1.0	0.5	0.75	0	0	1	1	1	1	58.192013	0.0	50	25	15	0.5	1	0.0	9	0.25	1	1	0.0	-0.25
S1-634053934	S3-523741933	S3	1	0	1	1.0	1.0	1.0	1.0	0.95	1.0	0.4074074	1.0	1.0	1.0	1.0	1.0	1.0	1.0	1.0	1.0	1.0	1.0	0.0	11.923135	1	1	1	0	11	11	2	2	1.0	0	1	0	0	0	0	0	0	0.6197183	0.6197183	1.0	0.72	1.0	0.5	1.0	1.0	0.39764044	0.3378118	1.0	9.973961	16	8	1	1	1.0	1	1	0	0	1	1.0	1.0	1.0	1.0	0	0	1	1	3	1	16.237482	9.080592	50	25	1	0.0	1	0.0	1	0.0	1	1	0.0	0.019736826
S1-987288271	S3-757000788	S3	1	0	0	0.84210527	0.84210527	0.96	0.8181818	0.91724133	0.892	0.7777778	0.86153847	0.8484849	1.0	0.84615386	0.8	0.84210527	0.5	0.6666667	0.42153144	0.93691605	0.96588147	0.0	6.1969433	1	1	1	0	25	32	3	4	0.78125	0	1	0	0	0	0	0	0	1.0	1.0	1.0	1.0	1.0	1.0	1.0	1.0	1.0	1.0	1.0	0.0	6	6	1	1	1.0	1	1	0	0	1	0.8484849	1.0	0.8484849	0.92424244	0	0	1	1	2	1	16.808495	0.0	50	25	3	0.15151513	1	0.0	3	0.07575756	1	1	0.0	-0.07575756
S1-571794266	S3-348695854	S3	1	1	1	1.0	1.0	1.0	1.0	1.0	1.0	1.0	0.78571427	1.0	1.0	1.0	1.0	1.0	1.0	1.0	1.0	1.0	1.0	0.0	7.3515663	1	1	1	1	24	24	4	4	1.0	0	0	0	0	0	0	0	0	0.5970149	0.5671642	0.5671642	0.65384614	0.6956522	0.375	0.6	0.5	0.33753547	0.35257176	0.45908338	16.904455	5	6	1	1	1.0	1	1	0	0	1	0.5671642	1.0	0.5671642	0.7835821	0	0	1	1	9	1	22.455652	19.234777	50	25	1	0.0	47	0.43283582	4	0.112644315	1	1	0.0	-0.112644315
S1-189754722	S3-718975440	S3	1	0	0	0.7391304	1.0	1.0	0.7391304	0.95	1.0	0.33333334	1.0	0.7647059	1.0	0.75	0.75	1.0	1.0	1.0	1.0	1.0	1.0	0.0	16.057158	1	1	1	0	23	23	4	4	1.0	0	1	0	0	0	0	0	0	1.0	1.0	1.0	1.0	1.0	1.0	1.0	1.0	1.0	1.0	1.0	0.0	5	5	1	1	1.0	1	1	0	0	1	1.0	1.0	1.0	1.0	0	0	1	1	2	1	55.0326	0.0	50	25	1	0.0	1	0.0	1	0.0	1	1	0.0	0.0
S1-223469798	S2-482534999	S2	1	1	1	1.0	1.0	1.0	1.0	1.0	1.0	1.0	1.0	1.0	1.0	1.0	1.0	1.0	1.0	1.0	1.0	1.0	1.0	0.0	8.017079	1	1	1	0	18	18	2	2	1.0	0	1	0	0	0	0	0	0	0.9315069	0.9315069	1.0	0.96969694	1.0	0.85714287	1.0	1.0	0.9239448	0.8951294	1.0	3.827719	6	7	1	1	1.0	1	1	0	0	1	1.0	1.0	1.0	1.0	0	0	1	0	1	1	20.357046	0.0	50	25	1	0.0	1	0.0	1	0.0	1	1	0.0	0.0
S1-831960452	S3-213954984	S3	0	0	0	0.42553192	0.4680851	0.4680851	0.45454544	0.43137255	0.6130736	0.2413793	0.43137255	0.46666667	0.4	0.41860467	0.48275864	0.4680851	0.0	0.0	0.0	0.0	0.0	8.453972	0.0	0	0	0	0	22	25	3	3	0.88	0	0	0	0	0	0	0	0	0.5294118	0.47058824	0.47058824	0.6153846	0.5777778	0.09090909	0.2	0.25	0.17749073	0.33054775	0.42223716	9.586801	7	5	1	1	0.0	0	0	0	1	0	0.4680851	0.47058824	0.22027534	0.4693367	0	0	1	1	21	1	12.1422825	7.7302556	50	25	21	0.5319149	33	0.5294118	28	0.46656078	1	1	0.0	-0.46656078
S1-775281040	S2-913739770	S2	0	0	0	0.22857143	0.34285712	0.34285712	0.47058824	0.42857143	0.51714283	0.13793103	0.3255814	0.3478261	0.5217391	0.25	0.5	0.34285715	0.0	0.0	0.0	0.0	0.0	11.339935	0.0	0	0	0	0	10	25	2	3	0.4	0	0	0	0	0	0	0	0	0.43076923	0.43076923	0.43076923	0.48148146	0.6363636	0.09090909	0.16666667	0.0	0.15132816	0.0	0.0	12.530797	6	6	1	1	1.0	1	1	0	0	1	0.3478261	0.43076923	0.14983279	0.38929766	0	0	1	0	7	1	11.649806	11.329334	50	25	34	0.6521739	36	0.5692308	40	0.61070234	1	1	0.0	-0.61070234
S1-192412994	S3-700440757	S3	0	0	0	0.27906978	0.3255814	0.3255814	0.35714287	0.3275862	0.5275784	0.1764706	0.34482756	0.3076923	0.46153846	0.25641024	0.32	0.3255814	0.0	0.0	0.0	0.0	0.0	17.309921	0.0	0	0	0	0	19	24	3	3	0.7916667	0	0	0	0	0	0	0	0	0.36065575	0.4918033	0.4918033	0.44	0.54545456	0.1	0.2	0.0	0.17117478	0.0	0.0	10.816167	6	5	1	1	1.0	1	1	0	0	1	0.3255814	0.4918033	0.160122	0.40869236	0	0	1	1	18	1	9.807494	0.0	50	25	42	0.2007344	10	0.099105775	29	0.10870284	2	2	0.28109324	-0.10870284
S1-774487580	S2-844305491	S2	0	0	0	0.34482756	0.34482756	0.34482756	0.4	0.3325	0.4968254	0.13043478	0.35	0.44444442	0.22222221	0.2962963	0.3478261	0.3448276	0.0	0.0	0.0	0.0	0.0	8.745462	0.0	0	0	0	0	15	14	2	2	0.93333334	0	0	0	0	0	0	0	0	0.517647	0.55294114	0.5806452	0.525641	0.6238532	0.16	0.30769232	0.33333334	0.13562873	0.28162816	0.29088292	14.365481	13	16	1	3	0.0	0	0	1	0	0	0.44444442	0.5806452	0.2580645	0.5125448	0	0	1	0	21	1	9.992637	8.906102	50	25	9	0.5555556	13	0.4193548	10	0.4874552	1	1	0.0	-0.4874552
S1-267625619	S3-321368540	S3	0	0	0	0.32	0.32	0.32	0.44444442	0.4	0.48935184	0.16666667	0.0625	0.72727275	0.72727275	0.3478261	0.5	0.32	0.0	0.0	0.0	0.0	0.0	10.539131	0.0	0	0	0	0	16	9	2	2	0.5625	0	0	0	1	1	0	0	0	0.3188406	0.3768116	0.3768116	0.44897962	0.4347826	0.09090909	0.2	0.0	0.09593371	0.0	0.0	16.904455	7	5	2	1	0.5	1	1	0	0	1	0.3768116	0.72727275	0.2740448	0.5520422	0	0	1	1	19	1	7.8308735	24.468357	50	25	2	0.27272725	31	0.5755694	2	0.42414826	1	1	0.0	-0.42414826
S1-633970791	S2-239076972	S2	0	0	0	0.28571427	0.4	0.4	0.4347826	0.5405405	0.51031744	0.36842105	0.081081085	0.27272728	0.27272728	0.29411763	0.4347826	0.4	0.0	0.0	0.0	0.0	0.0	10.946893	0.0	0	0	0	0	20	15	2	1	0.75	0	1	0	1	1	0	0	0	0.40579712	0.46376812	0.49275362	0.5	0.5681818	0.10526316	0.22222222	0.22222222	0.14063296	0.22691664	0.30134612	12.450109	9	12	0	1	NaN	0	0	0	0	0	0.4	0.49275362	0.19710146	0.4463768	0	0	1	0	8	1	12.930739	21.81241	50	25	19	0.6	28	0.5072464	27	0.5536232	2	2	0.09848535	-0.5536232
S1-98744600	S3-763241489	S3	0	0	0	0.34042552	0.34042552	0.34042552	0.39024392	0.34042552	0.53626263	0.12	0.34042552	0.41379312	0.41379312	0.3255814	0.37837836	0.34042552	0.0	0.0	0.0	0.0	0.0	8.344075	0.0	0	0	0	0	22	25	3	3	0.88	0	0	0	0	0	0	0	0	0.6153846	0.5846154	0.6976744	0.6666666	0.74418604	0.375	0.6	0.5	0.4312772	0.39109617	0.5838919	13.397898	5	6	1	1	1.0	1	1	0	0	1	0.41379312	0.6976744	0.28869286	0.55573374	0	0	1	1	1	1	18.02531	0.0	50	25	35	0.5862069	5	0.3023256	6	0.42640913	1	1	0.0	-0.42640913
S1-572714218	S2-90418069	S2	0	0	0	0.37837836	0.32432434	0.32432434	0.4	0.4265306	0.65497077	0.15384616	0.44897962	0.42105263	0.5263158	0.35294116	0.37037036	0.3243243	0.0	0.0	0.0	0.0	0.0	10.809382	0.0	0	0	0	0	18	19	3	2	0.94736844	0	1	0	0	0	0	0	0	0.67175573	0.70229006	0.7777778	0.69090915	0.7307692	0.33333334	0.625	0.71428573	0.33136922	0.52336335	0.6832032	11.310985	8	12	1	3	0.0	0	0	0	1	0	0.42105263	0.7777778	0.32748538	0.5994152	0	0	1	0	17	1	16.348541	10.329533	50	25	23	0.57894737	11	0.22222221	11	0.39599764	1	1	0.0	-0.39599764
S1-189552170	S3-497056653	S3	0	0	0	0.41379312	0.41379312	0.41379312	0.5	0.4117647	0.64185464	0.36842105	0.35294116	0.35294116	0.23529412	0.3846154	0.5555556	0.41379312	0.0	0.0	0.0	0.0	0.0	12.292641	0.0	0	0	0	0	19	10	3	2	0.5263158	0	0	0	0	0	0	0	0	0.6363636	0.57575756	0.7391304	0.5833333	0.7058823	0.375	0.6	0.75	0.44710833	0.6883115	0.90185934	7.012552	6	5	1	1	0.0	0	0	0	1	0	0.41379312	0.7391304	0.30584705	0.57646173	0	0	1	1	10	1	21.341084	16.17153	50	25	29	0.5862069	22	0.26086962	22	0.42353827	1	1	0.0	-0.42353827
S1-224277317	S3-469568923	S3	0	0	0	0.28	0.32	0.32	0.4375	0.35217392	0.56570226	0.24324325	0.3333333	0.375	0.4375	0.26086956	0.41379312	0.32	0.0	0.0	0.0	0.0	0.0	12.078813	0.0	0	0	0	0	17	33	3	3	0.5151515	1	1	0	0	0	0	0	0	0.74285716	0.68571424	0.72	0.85714287	0.6315789	0.33333334	0.5	1.0	0.28676075	1.0	1.0	0.0	4	4	2	2	0.0	0	0	1	0	0	0.375	0.72	0.27	0.5475	0	0	1	1	11	1	8.402451	15.917499	50	25	38	0.625	14	0.27999997	34	0.4525	1	1	0.0	-0.4525
